Timestamp,AccX,AccY,AccZ,GyroX,GyroY,GyroZ,MagX,MagY,MagZ,userAccX,userAccY,userAccZ,GravityX,GravityY,GravityZ,HeartRate,SessionID,Unnamed: 18
669689642.467369,-0.8949127197265625,0.3906707763671875,-0.1232451722025871,-0.001969322329387,-0.1848009675741195,0.0397062338888645,0.0,0.0,0.0,0.0389813184738159,0.050051987171173,-0.0145216584205627,-0.9338940382003784,0.3406187891960144,-0.1087235137820243,68.0,3.0,nan
669689642.487281,-0.9307098388671876,0.3657989203929901,-0.1465147659182548,0.0776705145835876,-0.1422443836927414,0.0553290881216526,0.0,0.0,0.0,0.003227412700653,0.0243781507015228,-0.0407174155116081,-0.9339372515678406,0.3414207696914673,-0.1057973504066467,68.0,3.0,nan
669689642.507513,-0.9616546630859376,0.3710479140281677,-0.1202239096164703,0.1217867136001586,-0.0384056791663169,0.0614892914891243,0.0,0.0,0.0,-0.0279396772384643,0.0287035405635833,-0.0154542252421379,-0.9337149858474731,0.3423443734645843,-0.1047696843743324,68.0,3.0,nan
669689642.527126,-0.9377136826515198,0.3891448974609375,-0.1518706306815147,0.173446238040924,-0.0331025123596191,0.0776159092783927,0.0,0.0,0.0,-0.0043736100196838,0.0459542274475097,-0.0465303659439086,-0.933340072631836,0.3431906700134277,-0.105340264737606,68.0,3.0,nan
669689642.546996,-0.9536285996437072,0.3801574409008026,-0.2313384190201759,0.2121647298336029,0.0007133204489946,0.0948416590690612,0.0,0.0,0.0,-0.02085942029953,0.0356668531894683,-0.1251879930496215,-0.9327691793441772,0.3444905877113342,-0.1061504259705543,68.0,3.0,nan
669689642.56697,-0.9828643202781676,0.3911590278148651,-0.2929076105356216,0.180730789899826,0.1284630298614502,0.0853710919618606,0.0,0.0,0.0,-0.050895869731903,0.0452993214130401,-0.1842073649168014,-0.9319684505462646,0.3458597064018249,-0.1087002456188201,68.0,3.0,nan
669689642.587271,-0.9242706298828124,0.3707733452320099,-0.3339995816349983,0.2125662118196487,0.1938353776931762,0.0929427221417427,0.0,0.0,0.0,0.0066874623298645,0.0236269235610961,-0.2208336591720581,-0.930958092212677,0.3471464216709137,-0.1131659224629402,68.0,3.0,nan
669689642.606754,-0.9298095703125,0.4251708686351776,-0.3892363533377647,0.3151586353778839,0.3049738705158233,0.1308528184890747,0.0,0.0,0.0,-0.0001674890518188,0.0765700936317443,-0.2698919177055359,-0.9296420812606812,0.3486007750034332,-0.1193444356322288,68.0,3.0,nan
669689642.626672,-0.9776002764701844,0.4480896294116974,-0.4604949355125427,0.6210087537765503,0.4973187148571014,0.1235824897885322,0.0,0.0,0.0,-0.0498123168945312,0.098369300365448,-0.3304737210273742,-0.9277879595756532,0.3497203290462494,-0.1300212144851684,68.0,3.0,nan
669689642.646731,-0.9587098360061646,0.4564209580421448,-0.4919432252645492,0.9941222071647644,0.6106142401695251,0.1354544907808303,0.0,0.0,0.0,-0.0333785414695739,0.1064105331897735,-0.3461522459983825,-0.9253312945365906,0.3500104248523712,-0.1457909792661667,68.0,3.0,nan
669689642.666623,-0.9752655029296876,0.4749145209789276,-0.548644945025444,1.1412724256515503,0.7816647291183472,0.1234247833490371,0.0,0.0,0.0,-0.0529600977897644,0.1261131167411804,-0.3822408318519592,-0.9223054051399232,0.3488014042377472,-0.1664041131734848,68.0,3.0,nan
669689642.686442,-0.9811249375343324,0.3949737548828125,-0.6083830744028091,0.9849225878715516,0.9654748439788818,0.0623957253992557,0.0,0.0,0.0,-0.0626924037933349,0.0480372309684753,-0.4183388352394104,-0.9184325337409972,0.3469365239143371,-0.1900442391633987,68.0,3.0,nan
669689642.706386,-0.9910125136375428,0.3315734565258026,-0.5795897096395493,0.6437874436378479,1.086292743682861,0.0048593604005873,0.0,0.0,0.0,-0.0768803358078002,-0.0125081539154052,-0.3651833236217499,-0.9141321778297424,0.3440816104412079,-0.2144063860177993,68.0,3.0,nan
669689642.726794,-1.0583801865577698,0.448089599609375,-0.6516418009996414,0.8147228360176086,1.172493577003479,0.0485929921269416,0.0,0.0,0.0,-0.1494725942611694,0.10677370429039,-0.4120786786079407,-0.9089075922966005,0.341315895318985,-0.2395631223917007,68.0,3.0,nan
669689642.746245,-1.095947265625,0.5262756049633026,-0.6934660375118256,1.2823302745819092,1.3060516119003296,0.1029489636421203,0.0,0.0,0.0,-0.1938650012016296,0.188846081495285,-0.4244143664836883,-0.9020822644233704,0.3374295234680176,-0.2690516710281372,68.0,3.0,nan
669689642.766171,-1.0418701171875,0.4237213134765625,-0.6374053061008453,1.1699155569076538,1.4107974767684937,0.1549593210220337,0.0,0.0,0.0,-0.1484059691429138,0.0910114347934722,-0.3357003033161163,-0.8934641480445862,0.3327098786830902,-0.301705002784729,68.0,3.0,nan
669689642.786221,-1.0494690537452698,0.3451538383960724,-0.6561736464500427,0.9168812036514282,1.5554753541946411,0.1447071582078933,0.0,0.0,0.0,-0.1664226055145263,0.0163777470588684,-0.321307361125946,-0.8830464482307434,0.328776091337204,-0.3348662853240967,68.0,3.0,nan
669689642.806067,-1.0712432265281675,0.4184722900390625,-0.7227172255516052,0.8049550652503967,1.714821219444275,0.1798315942287445,0.0,0.0,0.0,-0.2007448673248291,0.0926717519760131,-0.3538181483745575,-0.8704983592033386,0.3258005380630493,-0.3688990771770477,68.0,3.0,nan
669689642.825986,-1.07391357421875,0.4152221381664276,-0.6916502416133881,0.835800290107727,1.8583303689956665,0.2059017121791839,0.0,0.0,0.0,-0.2185317277908325,0.0923800766468048,-0.2865640223026275,-0.8553818464279175,0.3228420615196228,-0.4050862193107605,68.0,3.0,nan
669689642.845707,-1.0450897812843325,0.4254761040210724,-0.6769255995750427,0.8364108204841614,1.9452149868011477,0.2412968724966049,0.0,0.0,0.0,-0.2071877121925354,0.1057255864143371,-0.2345685362815857,-0.8379020690917969,0.3197505176067352,-0.442357063293457,68.0,3.0,nan
669689642.866071,-1.0521698594093325,0.4253082275390625,-0.6970366537570953,0.9943469166755676,2.0366804599761963,0.2173599600791931,0.0,0.0,0.0,-0.2340844869613647,0.1102731227874755,-0.2159032225608825,-0.8180853724479675,0.3150351047515869,-0.4811334311962127,68.0,3.0,nan
669689642.885543,-1.0395660996437073,0.4326934814453125,-0.7232360243797302,0.9524684548377992,2.111772298812866,0.2047001868486404,0.0,0.0,0.0,-0.2434626817703247,0.1242524683475494,-0.2025791406631469,-0.7961034178733826,0.308441013097763,-0.5206568837165833,68.0,3.0,nan
669689642.90562,-1.03973388671875,0.3630981743335724,-0.7525634169578552,0.6680545210838318,2.25673770904541,0.2063375115394592,0.0,0.0,0.0,-0.2684777379035949,0.0602090954780578,-0.1927223205566406,-0.771256148815155,0.3028890788555145,-0.5598410964012146,68.0,3.0,nan
669689642.92563,-1.0437470078468325,0.3177033066749573,-0.7275695204734802,0.3217158913612366,2.3848912715911865,0.1894807666540146,0.0,0.0,0.0,-0.300449013710022,0.0174817442893981,-0.1297608017921447,-0.7432979941368103,0.3002215623855591,-0.5978087186813354,68.0,3.0,nan
669689642.9458,-1.0383759140968325,0.3764038383960724,-0.7153014540672302,0.4782368242740631,2.4830148220062256,0.1934056282043457,0.0,0.0,0.0,-0.3262322545051574,0.0776446163654327,-0.0800106525421142,-0.7121436595916748,0.2987592220306396,-0.635290801525116,68.0,3.0,nan
669689642.96541,-0.9866638779640198,0.4704132378101349,-0.7074278593063354,0.7736194729804993,2.401824712753296,0.2184424847364425,0.0,0.0,0.0,-0.3075856566429138,0.1774348616600036,-0.0343629121780395,-0.679078221321106,0.2929783761501312,-0.6730649471282959,68.0,3.0,nan
669689642.985282,-0.9624481201171876,0.4049224853515625,-0.779754638671875,0.5689282417297363,2.428673028945923,0.2637446224689483,0.0,0.0,0.0,-0.3178377151489258,0.1188678741455078,-0.070776343345642,-0.6446104049682617,0.2860546112060547,-0.7089782953262329,68.0,3.0,nan
669689643.005207,-0.9477844834327698,0.2352753281593322,-0.7358703017234802,-0.121946595609188,2.5740487575531006,0.2328052222728729,0.0,0.0,0.0,-0.3408076763153076,-0.0507680773735046,0.0055866241455078,-0.6069768071174622,0.2860434055328369,-0.741456925868988,68.0,3.0,nan
669689643.025086,-0.8799896836280823,0.2492523491382599,-0.6464232802391052,-0.2843583226203918,2.559553384780884,0.198851466178894,0.0,0.0,0.0,-0.3132457733154297,-0.0434192717075347,0.1237356066703796,-0.5667439103126526,0.2926716208457947,-0.7701588869094849,68.0,3.0,nan
669689643.04494,-0.8158722519874573,0.4588318169116974,-0.7230681777000427,0.4781581461429596,2.3852601051330566,0.2350974082946777,0.0,0.0,0.0,-0.2890950441360473,0.1647653579711914,0.0744471549987793,-0.5267772078514099,0.294066458940506,-0.797515332698822,68.0,3.0,nan
669689643.065144,-0.7728272080421448,0.5290985405445099,-0.785369873046875,1.0243622064590454,2.238215684890747,0.2977401316165924,0.0,0.0,0.0,-0.2847532629966736,0.2453429996967315,0.0400189161300659,-0.4880739450454712,0.2837555408477783,-0.8253887891769409,68.0,3.0,nan
669689643.085316,-0.7765198647975922,0.2707367241382599,-0.7270660400390625,0.5346575379371643,2.325852870941162,0.2199672609567642,0.0,0.0,0.0,-0.3279239535331726,-0.0016173124313354,0.1241595745086669,-0.4485959112644195,0.2723540365695953,-0.8512256145477295,68.0,3.0,nan
669689643.104817,-0.7336731553077698,0.1366119682788849,-0.663421630859375,-0.2257444262504577,2.399535179138184,0.1670423448085785,0.0,0.0,0.0,-0.3267518877983093,-0.1351572573184967,0.2086773514747619,-0.4069212675094604,0.2717692255973816,-0.872098982334137,68.0,3.0,nan
669689643.124812,-0.6607666611671448,0.3157043755054474,-0.7191314101219177,-0.0791316851973533,2.361524820327759,0.1803927272558212,0.0,0.0,0.0,-0.2969299256801605,0.0385034680366516,0.1701281070709228,-0.3638367354869842,0.2772009074687958,-0.8892595171928406,68.0,3.0,nan
669689643.144629,-0.5630035996437073,0.4221649467945099,-0.8208159804344177,0.5755658149719238,2.247596263885498,0.2386109679937362,0.0,0.0,0.0,-0.2416345477104187,0.1475841999053955,0.0854551196098327,-0.3213690519332886,0.2745807468891144,-0.9062711000442504,68.0,3.0,nan
669689643.16466,-0.5369416177272797,0.362701416015625,-0.7509307265281677,0.8220187425613403,2.166515827178955,0.2152100950479507,0.0,0.0,0.0,-0.2567509412765503,0.1003848612308502,0.1724777221679687,-0.2801906764507293,0.2623165547847748,-0.9234084486961364,68.0,3.0,nan
669689643.184464,-0.5186768025159836,0.2180176079273224,-0.77978515625,0.4608056545257568,2.2327544689178467,0.1481635868549347,0.0,0.0,0.0,-0.2801738679409027,-0.032600998878479,0.1584614515304565,-0.2385029345750808,0.2506186068058014,-0.9382466077804564,68.0,3.0,nan
669689643.204307,-0.4426728039979934,0.1280364990234375,-0.7706298232078552,-0.1659107804298401,2.2688963413238525,0.0735954940319061,0.0,0.0,0.0,-0.247011199593544,-0.1202389746904373,0.1780934333801269,-0.1956616044044494,0.2482754737138748,-0.9487232565879822,68.0,3.0,nan
669689643.224783,-0.3747406601905823,0.1555633842945099,-0.7771300673484802,-0.4578185379505157,2.295464515686035,0.043333888053894,0.0,0.0,0.0,-0.2229409515857696,-0.0996984541416168,0.1777511835098266,-0.1517997086048126,0.2552618384361267,-0.9548812508583068,68.0,3.0,nan
669689643.244155,-0.3552857115864754,0.2444153130054474,-0.6619873046875,-0.347567468881607,2.2020554542541504,0.0092022838070988,0.0,0.0,0.0,-0.2465216964483261,-0.019555926322937,0.2963913083076477,-0.1087640151381492,0.2639712393283844,-0.9583786129951476,68.0,3.0,nan
669689643.264112,-0.3248596861958504,0.2928772270679474,-0.6224822998046875,0.0531406663358211,2.0358872413635254,-0.0098074134439229,0.0,0.0,0.0,-0.2567400932312011,0.0260320305824279,0.3388466835021972,-0.0681195929646492,0.2668451964855194,-0.9613289833068848,68.0,3.0,nan
669689643.284121,-0.2040863614529371,0.3005828857421875,-0.6865233778953552,0.2929393649101257,1.843862533569336,0.0242642164230346,0.0,0.0,0.0,-0.1734873801469802,0.0381754040718078,0.2779484987258911,-0.0305989813059568,0.2624074816703796,-0.9644718766212464,68.0,3.0,nan
669689643.30389,-0.1174774791579693,0.2038726806640625,-0.74383544921875,-0.0997901558876037,1.6958457231521606,0.0638528019189834,0.0,0.0,0.0,-0.1206773519515991,-0.0563090443611145,0.2217189073562622,0.0031998727936297,0.260181725025177,-0.9655543565750122,68.0,3.0,nan
669689643.32411,-0.1383820213377475,0.1261596977710724,-0.680694580078125,-0.597483217716217,1.7073286771774292,-0.0399304814636707,0.0,0.0,0.0,-0.1745036840438842,-0.141611635684967,0.2821105718612671,0.0361216627061367,0.2677713334560394,-0.962805151939392,68.0,3.0,nan
669689643.344042,-0.0513306334614753,0.2650909125804901,-0.7724608778953552,-0.3625643253326416,1.5311932563781738,0.0006167847895994,0.0,0.0,0.0,-0.1184760853648185,-0.0124293863773345,0.1859095692634582,0.0671454519033432,0.2775202989578247,-0.9583704471588136,68.0,3.0,nan
669689643.364278,-0.0276184752583503,0.3554687798023224,-0.7955474853515625,0.2131585627794265,1.3781801462173462,0.0497529618442058,0.0,0.0,0.0,-0.1225990355014801,0.0768070518970489,0.1601336002349853,0.0949805602431297,0.2786617279052734,-0.955681085586548,68.0,3.0,nan
669689643.383699,0.0009917542338371,0.2603912651538849,-0.771026611328125,0.1679982841014862,1.3833186626434326,0.0374759994447231,0.0,0.0,0.0,-0.1206086426973342,-0.0134854018688201,0.1830199956893921,0.1216003969311714,0.2738766670227051,-0.9540466070175172,68.0,3.0,nan
669689643.403718,0.0242461562156677,0.1382293999195099,-0.732025146484375,-0.1999605596065521,1.376630187034607,-0.0333956703543663,0.0,0.0,0.0,-0.1234677135944366,-0.1361232995986938,0.2181912660598755,0.1477138698101043,0.2743526995182037,-0.9502164125442504,68.0,3.0,nan
669689643.423687,0.0544280260801315,0.22406005859375,-0.735321044921875,-0.1912209391593933,1.301226258277893,-0.0440022945404052,0.0,0.0,0.0,-0.1185004711151123,-0.0549118220806121,0.2092796564102172,0.1729284971952438,0.2789718806743622,-0.9446007013320924,68.0,3.0,nan
669689643.443524,0.0785369277000427,0.3203277885913849,-0.6607513427734375,0.1086213737726211,1.1399716138839722,0.0085475724190473,0.0,0.0,0.0,-0.117150217294693,0.040472000837326,0.279135525226593,0.1956871449947357,0.2798557877540588,-0.9398868680000304,68.0,3.0,nan
669689643.463502,0.1043853014707565,0.27886962890625,-0.60400390625,0.2619740962982178,0.9475182890892028,0.0096248732879757,0.0,0.0,0.0,-0.1109981685876846,0.0030606389045715,0.3327668309211731,0.2153834700584411,0.2758089900016784,-0.9367707371711732,68.0,3.0,nan
669689643.483255,0.1305236220359802,0.2067718803882599,-0.56036376953125,0.0485196858644485,0.7649964690208435,-0.0057129631750285,0.0,0.0,0.0,-0.1007254421710968,-0.0658449828624725,0.3735548257827759,0.231249064207077,0.2726168632507324,-0.933918595314026,68.0,3.0,nan
669689643.503789,0.1389922499656677,0.1860352158546447,-0.571380615234375,-0.1224812194705009,0.6709910035133362,-0.0476609990000724,0.0,0.0,0.0,-0.1052334308624267,-0.0878730118274688,0.3588495254516601,0.2442256808280944,0.2739082276821136,-0.9302301406860352,68.0,3.0,nan
669689643.523289,0.2153624892234802,0.2276001274585724,-0.6138764023780823,-0.1291988492012024,0.4758203625679016,-0.0275007095187902,0.0,0.0,0.0,-0.0390421748161315,-0.0490086376667022,0.3128198385238647,0.2544046640396118,0.2766087651252746,-0.926696240901947,68.0,3.0,nan
669689643.543186,0.2385863959789276,0.2683716118335724,-0.6209564208984375,-0.1256183534860611,0.322764128446579,0.048862025141716,0.0,0.0,0.0,-0.0231499671936035,-0.0107321143150329,0.3029457330703735,0.2617363631725311,0.2791037261486053,-0.923902153968811,68.0,3.0,nan
669689643.563087,0.1921233534812927,0.2044678032398224,-0.6779480576515198,-0.1116312369704246,0.3168047666549682,-0.053038615733385,0.0,0.0,0.0,-0.0750272870063781,-0.0768103301525116,0.2437423467636108,0.2671506404876709,0.281278133392334,-0.9216904044151306,68.0,3.0,nan
669689643.582956,0.2560729384422302,0.2041473686695099,-0.702423095703125,-0.0893668755888938,0.2727630734443664,-0.1149284541606903,0.0,0.0,0.0,-0.0162291824817657,-0.0795861482620239,0.2170043587684631,0.2723021209239959,0.2837335169315338,-0.919427454471588,68.0,3.0,nan
669689643.602887,0.2945251166820526,0.2565002739429474,-0.71807861328125,0.1427483856678009,0.1548668593168258,-0.1265570819377899,0.0,0.0,0.0,0.0191022157669067,-0.0276172757148742,0.2003000974655151,0.2754229009151459,0.2841175496578216,-0.9183787107467652,68.0,3.0,nan
669689643.622804,0.2910918891429901,0.30908203125,-0.797149658203125,0.3587697148323059,0.0484673157334327,-0.0829971581697464,0.0,0.0,0.0,0.0145151019096374,0.0289362370967865,0.1221020221710205,0.2765767872333526,0.2801457941532135,-0.9192516803741456,68.0,3.0,nan
669689643.642736,0.2822265028953552,0.2942047417163849,-0.881378173828125,0.2074631303548813,0.033371303230524,-0.0117816142737865,0.0,0.0,0.0,0.0054323077201843,0.0198663771152496,0.0395579934120178,0.2767941951751709,0.2743383646011352,-0.9209361672401428,68.0,3.0,nan
669689643.662785,0.2385100722312927,0.1528930962085724,-0.848876953125,-0.3611834049224853,0.1663305312395095,-0.1351432204246521,0.0,0.0,0.0,-0.0396794378757476,-0.1228029131889343,0.0712329745292663,0.2781895101070404,0.2756960093975067,-0.9201099276542664,68.0,3.0,nan
669689643.682562,0.3011931777000427,0.1943054497241974,-0.843231201171875,-0.6235817074775696,0.116443283855915,-0.1417045593261718,0.0,0.0,0.0,0.0210299491882324,-0.0924818217754364,0.0728810429573059,0.2801632285118103,0.2867872714996338,-0.9161122441291808,68.0,3.0,nan
669689643.702894,0.2848052382469177,0.425537109375,-0.893768310546875,-0.1137328743934631,0.0609898418188095,-0.0575796216726303,0.0,0.0,0.0,0.0037329196929931,0.1305848956108093,0.0194685459136962,0.2810723185539245,0.2949522137641907,-0.9132368564605712,68.0,3.0,nan
669689643.722451,0.2881468832492828,0.4385833740234375,-0.9001311659812927,0.4659687876701355,0.0043314909562468,0.0634469836950302,0.0,0.0,0.0,0.0062692165374755,0.1475160717964172,0.014103353023529,0.2818776667118072,0.2910673022270202,-0.9142345190048218,68.0,3.0,nan
669689643.742343,0.2802123427391052,0.2848969101905823,-0.828369140625,0.2939455509185791,0.014457456767559,0.0456597842276096,0.0,0.0,0.0,-0.0021080076694488,0.0021466016769409,0.0883355736732482,0.2823203504085541,0.2827503085136413,-0.9167047142982484,68.0,3.0,nan
669689643.762352,0.2758178114891052,0.2159271538257599,-0.8341065049171448,-0.1237173974514007,0.0054579693824052,0.019761823117733,0.0,0.0,0.0,-0.0068579912185668,-0.0654556453227996,0.0829094052314758,0.2826758027076721,0.2813827991485595,-0.9170159101486206,68.0,3.0,nan
669689643.782632,0.2726745307445526,0.2670898735523224,-0.888275146484375,-0.2235245406627655,0.012552136555314,-0.0136702759191393,0.0,0.0,0.0,-0.0100037753582,-0.0177860856056213,0.0276607871055603,0.2826783061027527,0.2848759591579437,-0.9159359335899352,68.0,3.0,nan
669689643.802149,0.3062743544578552,0.3063507378101349,-0.8910064697265625,-0.1475751250982284,-0.0476244799792766,0.0345579199492931,0.0,0.0,0.0,0.0238063633441925,0.0182141661643981,0.0239739418029785,0.2824679911136627,0.2881365716457367,-0.914980411529541,68.0,3.0,nan
669689643.821975,0.2649535536766052,0.2833099663257599,-0.8332672119140625,-0.1410141587257385,-0.0488408580422401,0.0131681039929389,0.0,0.0,0.0,-0.0165541768074035,-0.0072270035743713,0.0812499523162841,0.2815077304840088,0.2905369699001312,-0.9145171642303468,68.0,3.0,nan
669689643.842051,0.2420195937156677,0.2689209282398224,-0.8440704345703125,-0.0514987260103225,-0.0281613953411579,-0.0556195378303527,0.0,0.0,0.0,-0.038725733757019,-0.0234919190406799,0.0700831413269043,0.2807453274726867,0.2924128472805023,-0.9141535758972168,68.0,3.0,nan
669689643.861866,0.2947692275047302,0.2840576469898224,-0.837127685546875,-0.0132105909287929,-0.1086203604936599,-0.0215089172124862,0.0,0.0,0.0,0.0153458714485168,-0.0090276598930358,0.077215552330017,0.2794233560562134,0.2930853068828583,-0.914343237876892,68.0,3.0,nan
669689643.881807,0.2471923232078552,0.2700958549976349,-0.8282623291015625,-0.0113982437178492,-0.1010147333145141,-0.0470587536692619,0.0,0.0,0.0,-0.0301139950752258,-0.023285835981369,0.0866302251815795,0.277306318283081,0.2933816909790039,-0.914892554283142,68.0,3.0,nan
669689643.901721,0.2665709853172302,0.274749755859375,-0.8100586533546448,-0.0194829367101192,-0.1803509891033172,-0.0196314416825771,0.0,0.0,0.0,-0.0081962943077087,-0.0192101597785949,0.1054142117500305,0.2747672796249389,0.2939599156379699,-0.9154728651046752,68.0,3.0,nan
669689643.922061,0.2622375190258026,0.2945099174976349,-0.8178253173828125,-0.0112510379403829,-0.2315589934587478,0.0036886874586343,0.0,0.0,0.0,-0.0086056292057037,0.000370055437088,0.0987583994865417,0.2708431482315063,0.2941398620605469,-0.9165837168693542,68.0,3.0,nan
669689643.941674,0.2136382460594177,0.2529754638671875,-0.7760772705078125,-0.0978433191776275,-0.2301322668790817,-0.0463755950331687,0.0,0.0,0.0,-0.0529892146587371,-0.0422428846359252,0.1413952708244323,0.2666274607181549,0.2952183485031128,-0.9174725413322448,68.0,3.0,nan
669689643.961544,0.2259368300437927,0.2370605766773224,-0.7906494140625,-0.1334828734397888,-0.2593683898448944,-0.0878886803984642,0.0,0.0,0.0,-0.0360167920589447,-0.0608565807342529,0.127297043800354,0.2619536221027374,0.2979171574115753,-0.917946457862854,68.0,3.0,nan
669689643.981449,0.2414702773094177,0.2940216362476349,-0.770263671875,-0.056132223457098,-0.3555037677288055,-0.0409226715564727,0.0,0.0,0.0,-0.0144257545471191,-0.006093144416809,0.1486750245094299,0.2558960318565368,0.3001147806644439,-0.91893869638443,68.0,3.0,nan
669689644.001396,0.1840209364891052,0.268402099609375,-0.7205047607421875,-0.0663600265979766,-0.3769057393074035,-0.0533590428531169,0.0,0.0,0.0,-0.0650373399257659,-0.0328835248947143,0.1999282240867614,0.2490582764148712,0.3012856245040893,-0.920432984828949,68.0,3.0,nan
669689644.021269,0.2006682753562927,0.2258453369140625,-0.7122344374656677,-0.1202608793973922,-0.4932692646980285,-0.0745825245976448,0.0,0.0,0.0,-0.0400349050760269,-0.0775514841079711,0.2097266912460327,0.2407031804323196,0.3033968210220337,-0.9219611287117004,68.0,3.0,nan
669689644.041163,0.1863097548484802,0.2218780517578125,-0.7302092909812927,-0.1841148138046264,-0.5667484998703003,-0.1143694519996643,0.0,0.0,0.0,-0.0440049320459365,-0.0847864151000976,0.1933230757713318,0.2303146868944168,0.3066644668579101,-0.9235323667526244,68.0,3.0,nan
669689644.061589,0.164123460650444,0.2187500298023224,-0.6965789198875427,-0.3094630837440491,-0.6384924650192261,-0.1511817425489425,0.0,0.0,0.0,-0.0544498115777969,-0.0929771959781646,0.2281112074851989,0.2185732722282409,0.311727225780487,-0.9246901273727416,68.0,3.0,nan
669689644.081029,0.1403197795152664,0.2236633598804474,-0.68536376953125,-0.3313125371932983,-0.7195305824279785,-0.200890764594078,0.0,0.0,0.0,-0.0643439590930938,-0.0948729813098907,0.240188717842102,0.2046637386083603,0.3185363411903381,-0.925552487373352,68.0,3.0,nan
669689644.100951,0.178955003619194,0.3040313720703125,-0.7663268446922302,-0.150446280837059,-0.8674803972244263,-0.1511127650737762,0.0,0.0,0.0,-0.0101219564676284,-0.019795149564743,0.1607040166854858,0.1890769600868225,0.3238265216350555,-0.927030861377716,68.0,3.0,nan
669689644.120892,0.1209411025047302,0.3446808159351349,-0.688690185546875,-0.046136051416397,-0.955225110054016,-0.1346465945243835,0.0,0.0,0.0,-0.0502346158027648,0.0188173949718475,0.2411011457443237,0.1711757183074951,0.3258634209632873,-0.9297913312911988,68.0,3.0,nan
669689644.140843,0.0341796278953552,0.2632446587085724,-0.611236572265625,-0.1902917027473449,-1.0428229570388794,-0.1567102074623108,0.0,0.0,0.0,-0.1175431758165359,-0.0651429593563079,0.3210411667823791,0.1517228037118911,0.3283876180648803,-0.9322777390480042,68.0,3.0,nan
669689644.160866,0.0555571764707565,0.27716064453125,-0.748565673828125,-0.0056900247000157,-1.1339445114135742,-0.1687354445457458,0.0,0.0,0.0,-0.0749688893556594,-0.0542536377906799,0.1858472824096679,0.130526065826416,0.3314142823219299,-0.934412956237793,68.0,3.0,nan
669689644.18065,0.1133574694395065,0.3973694145679474,-0.8403778076171875,0.3922928273677826,-1.3386681079864502,-0.0220674872398376,0.0,0.0,0.0,0.0068775713443756,0.0694991052150726,0.0983250737190246,0.1064798980951309,0.3278703093528747,-0.9387028813362122,68.0,3.0,nan
669689644.200875,-0.0352478697896003,0.2885589897632599,-0.73138427734375,0.4069352149963379,-1.2996333837509155,-0.0834104716777801,0.0,0.0,0.0,-0.1168443635106086,-0.030841439962387,0.2127160429954528,0.0815964937210083,0.319400429725647,-0.9441003203392028,68.0,3.0,nan
669689644.220501,-0.0714417211711406,0.17340087890625,-0.7472533583641052,0.0264551285654306,-1.3279262781143188,-0.1732618510723114,0.0,0.0,0.0,-0.127022236585617,-0.1419034004211425,0.2001082301139831,0.0555805154144763,0.3153042793273926,-0.9473615884780884,68.0,3.0,nan
669689644.240396,-0.0384216979146003,0.2140045464038849,-0.8660430312156677,-0.1824485510587692,-1.358178734779358,-0.1733087301254272,0.0,0.0,0.0,-0.068054512143135,-0.1030697226524353,0.0818946361541748,0.0296328142285347,0.3170742690563202,-0.9479376673698424,68.0,3.0,nan
669689644.260471,-0.0869904266437515,0.2749328911304474,-0.7763519287109375,-0.308731198310852,-1.430307149887085,-0.1992657482624054,0.0,0.0,0.0,-0.0888667851686477,-0.0467304289340972,0.1705003380775451,0.0018763585248962,0.3216633200645447,-0.9468522667884828,68.0,3.0,nan
669689644.280212,-0.1887970715761184,0.2605743408203125,-0.6983184814453125,-0.3566039204597473,-1.499266505241394,-0.2454970628023147,0.0,0.0,0.0,-0.1616510301828384,-0.067883014678955,0.2458101511001587,-0.02714604139328,0.3284573554992676,-0.9441286325454712,68.0,3.0,nan
669689644.30015,-0.1905670836567878,0.3025665283203125,-0.899627685546875,-0.0361026600003242,-1.4852849245071411,-0.3083445727825165,0.0,0.0,0.0,-0.1337634921073913,-0.0295809507369995,0.0418878197669982,-0.0568035915493965,0.332147479057312,-0.9415155053138732,68.0,3.0,nan
669689644.320137,-0.1111145541071891,0.3414459228515625,-0.8824462294578552,0.2745938897132873,-1.6859142780303955,-0.2803458571434021,0.0,0.0,0.0,-0.0227382257580757,0.0125631988048553,0.0577802062034606,-0.0883763283491134,0.3288827240467071,-0.940226435661316,68.0,3.0,nan
669689644.340349,-0.2209473326802253,0.3008575737476349,-0.76287841796875,-0.1219624355435371,-1.6771390438079834,-0.3022453784942627,0.0,0.0,0.0,-0.0990762636065483,-0.0255590081214904,0.1744580864906311,-0.121871069073677,0.3264165818691253,-0.9373365044593812,68.0,3.0,nan
669689644.360143,-0.3204040974378586,0.1996917724609375,-0.7942199110984802,-0.6026055216789246,-1.6529465913772583,-0.4082120358943939,0.0,0.0,0.0,-0.1649256497621536,-0.1327110826969146,0.1360138058662414,-0.1554784476757049,0.3324028551578522,-0.9302337169647216,68.0,3.0,nan
669689644.379977,-0.2787171006202698,0.3361511528491974,-0.971771240234375,-0.6720277070999146,-1.633660912513733,-0.3899389505386352,0.0,0.0,0.0,-0.0906417369842529,-0.0074809193611145,-0.0516926050186157,-0.1880753636360168,0.3436320722103119,-0.9200786352157592,68.0,3.0,nan
669689644.399823,-0.2758179455995559,0.4470825493335724,-0.9066161513328552,-0.4048744440078735,-1.7397664785385132,-0.3549495041370392,0.0,0.0,0.0,-0.054116353392601,0.095209002494812,0.0027976036071777,-0.2217015922069549,0.3518735468387604,-0.909413754940033,68.0,3.0,nan
669689644.419718,-0.4039612710475921,0.3793487846851349,-0.699493408203125,-0.4795314371585846,-1.7154064178466797,-0.4243635237216949,0.0,0.0,0.0,-0.1485092043876648,0.0221004486083984,0.1989040374755859,-0.2554520666599273,0.3572483360767364,-0.8983974456787109,68.0,3.0,nan
669689644.439641,-0.4809266030788421,0.3405456840991974,-0.7957763075828552,-0.5062751770019531,-1.6933501958847046,-0.5078662037849426,0.0,0.0,0.0,-0.1917806267738342,-0.0236291885375976,0.0895322561264038,-0.2891459763050079,0.364174872636795,-0.885308563709259,68.0,3.0,nan
669689644.459605,-0.4538269639015198,0.4527435302734375,-0.8939055800437927,-0.0450646616518497,-1.6810661554336548,-0.541496217250824,0.0,0.0,0.0,-0.1319112777709961,0.0864362120628357,-0.020871102809906,-0.3219156861305237,0.3663073182106018,-0.8730344772338867,68.0,3.0,nan
669689644.479905,-0.3721924424171448,0.4945068657398224,-0.8518523573875427,0.4897207915782928,-1.9778989553451536,-0.4364710748195648,0.0,0.0,0.0,-0.0151420831680297,0.1358446478843689,0.0106303691864013,-0.357050359249115,0.3586622178554535,-0.8624827265739441,68.0,3.0,nan
669689644.499393,-0.5682831406593323,0.3926239311695099,-0.6804503798484802,0.6206172108650208,-1.948091745376587,-0.4820654988288879,0.0,0.0,0.0,-0.1743663847446441,0.0473472476005554,0.1713791489601135,-0.3939167559146881,0.3452766835689544,-0.8518295288085938,68.0,3.0,nan
669689644.519328,-0.6427918374538422,0.2954254448413849,-0.6266784071922302,0.5391737818717957,-1.891066074371338,-0.595094621181488,0.0,0.0,0.0,-0.2129439413547516,-0.035437524318695,0.213417112827301,-0.4298478960990906,0.3308629691600799,-0.8400955200195312,68.0,3.0,nan
669689644.539277,-0.5267944931983948,0.3386688530445099,-0.8835906386375427,0.6972145438194275,-1.9750134944915767,-0.5647728443145752,0.0,0.0,0.0,-0.0613646507263183,0.0226919949054718,-0.0568296909332275,-0.4654298424720764,0.3159768581390381,-0.8267609477043152,68.0,3.0,nan
669689644.559235,-0.4627991318702698,0.4024963676929474,-0.8991546034812927,0.6718979477882385,-2.1719110012054443,-0.4143943786621094,0.0,0.0,0.0,0.0396288037300109,0.1033548712730407,-0.0879330039024353,-0.5024279356002808,0.2991414964199066,-0.8112215995788574,68.0,3.0,nan
669689644.579136,-0.6826019883155823,0.3258209228515625,-0.775421142578125,0.1938017159700393,-2.0652952194213867,-0.3843609392642975,0.0,0.0,0.0,-0.143817126750946,0.0383121371269226,0.0164434909820556,-0.5387848615646362,0.2875087857246399,-0.7918646335601807,68.0,3.0,nan
669689644.598922,-0.8001251816749573,0.2243957817554474,-0.6461943984031677,-0.4278095960617065,-1.956761121749878,-0.4135248363018036,0.0,0.0,0.0,-0.2279232740402221,-0.0610938370227813,0.122623324394226,-0.5722019076347351,0.2854896187782287,-0.7688177227973938,68.0,3.0,nan
669689644.619174,-0.7879791855812073,0.333526611328125,-0.9121856093406676,-0.4158815443515777,-1.8239223957061768,-0.4549375474452972,0.0,0.0,0.0,-0.1851030588150024,0.0459004044532775,-0.1680004596710205,-0.6028761267662048,0.2876262068748474,-0.7441851496696472,68.0,3.0,nan
669689644.63871,-0.6988525986671448,0.5247650444507599,-0.9099730849266052,0.1070682182908058,-2.014385938644409,-0.3050662875175476,0.0,0.0,0.0,-0.0655707716941833,0.2394904196262359,-0.1905479431152343,-0.6332818269729614,0.2852746248245239,-0.7194251418113708,68.0,3.0,nan
669689644.658886,-0.8513336777687073,0.4835052490234375,-0.7848358154296875,0.1414307206869125,-1.869014024734497,-0.2375056147575378,0.0,0.0,0.0,-0.1889454126358032,0.2046453952789306,-0.0895092487335205,-0.662388265132904,0.2788598537445068,-0.695326566696167,68.0,3.0,nan
669689644.678583,-0.9257355332374572,0.2747955322265625,-0.7185057997703552,-0.312639057636261,-1.8119128942489624,-0.2154802083969116,0.0,0.0,0.0,-0.2371709942817688,-0.0023993253707885,-0.0483999252319335,-0.6885645389556885,0.2771948575973511,-0.6701058745384216,68.0,3.0,nan
669689644.698793,-0.9094238877296448,0.255645751953125,-0.7889251112937927,-0.5197890996932983,-1.7168457508087158,-0.2482570558786392,0.0,0.0,0.0,-0.1966506242752075,-0.0244963467121124,-0.1459051370620727,-0.7127732634544373,0.2801420986652374,-0.64301997423172,68.0,3.0,nan
669689644.718613,-0.8019257187843323,0.4384460747241974,-0.9120177626609802,-0.0311515778303146,-1.8724820613861084,-0.1209977939724922,0.0,0.0,0.0,-0.0655363798141479,0.1571240425109863,-0.2967221736907959,-0.7363893389701843,0.281322032213211,-0.6152955889701843,68.0,3.0,nan
669689644.738459,-0.8593140840530396,0.5240936577320099,-0.8536681532859802,0.4025031328201294,-1.832988142967224,-0.0112784905359148,0.0,0.0,0.0,-0.1001273393630981,0.2463476657867431,-0.2650317549705505,-0.7591867446899414,0.2777459919452667,-0.5886363983154297,68.0,3.0,nan
669689644.758307,-0.9211273193359376,0.2917022705078125,-0.6947020292282104,-0.0795921459794044,-1.7074007987976074,0.0326936021447181,0.0,0.0,0.0,-0.1416919827461242,0.0165498256683349,-0.1318773627281189,-0.7794353365898132,0.2751524448394775,-0.5628246665000916,68.0,3.0,nan
669689644.778279,-0.9662781357765198,0.1547699272632599,-0.5712127089500427,-1.0806342363357544,-1.525993585586548,0.0210213381797075,0.0,0.0,0.0,-0.1692789793014526,-0.127524197101593,-0.0372629165649414,-0.7969991564750671,0.2822941243648529,-0.5339497923851013,68.0,3.0,nan
669689644.798356,-0.972320556640625,0.2254485785961151,-0.5681761503219604,-1.1331326961517334,-1.3819732666015625,-0.1383348703384399,0.0,0.0,0.0,-0.1600301861763,-0.0683282315731048,-0.0643115639686584,-0.812290370464325,0.2937768101692199,-0.503864586353302,68.0,3.0,nan
669689644.818068,-0.8390350937843323,0.454132080078125,-0.6964415907859802,-0.4570014178752899,-1.4429978132247925,-0.1639487296342849,0.0,0.0,0.0,-0.0120850205421447,0.1552962362766266,-0.2201529741287231,-0.8269500732421875,0.2988358438014984,-0.4762886166572571,68.0,3.0,nan
669689644.838083,-0.8079529404640198,0.51275634765625,-0.6805266737937927,-0.0036317340563982,-1.567353367805481,-0.0565063692629337,0.0,0.0,0.0,0.0336441993713378,0.2140669226646423,-0.2305278778076172,-0.8415971398353577,0.2986894249916076,-0.4499987959861755,68.0,3.0,nan
669689644.858094,-0.9429016709327698,0.3289337158203125,-0.5625151693820953,-0.4736040234565735,-1.413170576095581,-0.0056454786099493,0.0,0.0,0.0,-0.088063359260559,0.029075413942337,-0.1390337347984314,-0.8548383116722107,0.2998583018779754,-0.4234814345836639,68.0,3.0,nan
669689644.877938,-0.9994354248046876,0.237701416015625,-0.4840544760227203,-1.17597496509552,-1.2509366273880005,-0.0201914515346288,0.0,0.0,0.0,-0.1337148547172546,-0.0689965784549713,-0.0884989202022552,-0.8657205700874329,0.3066979944705963,-0.3955555558204651,68.0,3.0,nan
669689644.897887,-0.9953766465187072,0.310638427734375,-0.5210723280906677,-1.166251301765442,-1.1183346509933472,-0.1056673601269722,0.0,0.0,0.0,-0.1203230619430542,-0.0043553709983825,-0.1535668969154358,-0.8750535845756531,0.3149937987327575,-0.3675054311752319,68.0,3.0,nan
669689644.917852,-0.911102294921875,0.4403075873851776,-0.4739531576633453,-0.806251585483551,-1.142127513885498,-0.1227505281567573,0.0,0.0,0.0,-0.0273690223693847,0.1203682720661163,-0.1324062049388885,-0.8837332725524902,0.3199393153190613,-0.3415469527244568,68.0,3.0,nan
669689644.937702,-0.90606689453125,0.4581298828125,-0.4342498183250427,-0.5929439663887024,-1.1436998844146729,-0.095946080982685,0.0,0.0,0.0,-0.0140851736068725,0.1356059610843658,-0.1174739003181457,-0.8919817209243774,0.3225239217281341,-0.316775918006897,68.0,3.0,nan
669689644.957689,-0.9480133056640624,0.3900146186351776,-0.4199980199337005,-0.6509971618652344,-1.0887761116027832,-0.0635829716920852,0.0,0.0,0.0,-0.0487359166145324,0.0651518702507019,-0.1271426379680633,-0.89927738904953,0.3248627483844757,-0.2928553819656372,68.0,3.0,nan
669689644.977938,-0.9883270859718324,0.3441009521484375,-0.4019927680492401,-0.7450776100158691,-0.9865904450416564,-0.0868614464998245,0.0,0.0,0.0,-0.0827481150627136,0.0165923237800598,-0.1324285268783569,-0.9055789709091188,0.3275086283683777,-0.2695642411708832,68.0,3.0,nan
669689644.997527,-0.9749908447265624,0.3649139702320099,-0.434295579791069,-0.6147492527961731,-0.9243395328521729,-0.1098408102989196,0.0,0.0,0.0,-0.0638179183006286,0.0356496274471282,-0.1866081953048706,-0.9111729264259338,0.3292643427848816,-0.2476873844861984,68.0,3.0,nan
669689645.017387,-0.9580383896827698,0.4489593207836151,-0.4043120890855789,-0.4288203716278076,-0.8763235211372375,-0.062731347978115,0.0,0.0,0.0,-0.0419864654541015,0.118898719549179,-0.1764767616987228,-0.9160519242286682,0.330060601234436,-0.227835327386856,68.0,3.0,nan
669689645.037286,-0.9594117403030396,0.4185486137866974,-0.3950499892234802,-0.3113949000835418,-0.8205083012580872,-0.0128176370635628,0.0,0.0,0.0,-0.0393937826156616,0.0876097679138183,-0.1851769983768463,-0.920017957687378,0.330938845872879,-0.2098729908466339,68.0,3.0,nan
669689645.057293,-0.9518585205078124,0.3536529242992401,-0.4452055692672729,-0.4924047291278839,-0.6758205890655518,0.0438322722911834,0.0,0.0,0.0,-0.028910219669342,0.0208679139614105,-0.2517616748809814,-0.9229483008384703,0.3327850103378296,-0.1934438943862915,68.0,3.0,nan
669689645.077139,-0.9506378173828124,0.3321380615234375,-0.3840789198875427,-0.7280284762382507,-0.5188596844673157,0.0512840636074543,0.0,0.0,0.0,-0.0258547663688659,-0.0039033591747283,-0.2056063860654831,-0.9247830510139464,0.3360414206981659,-0.1784725338220596,68.0,3.0,nan
669689645.097145,-0.9737244248390198,0.36834716796875,-0.316558763384819,-0.6204479336738586,-0.4195913076400757,-0.0012069478398188,0.0,0.0,0.0,-0.047528862953186,0.029363214969635,-0.1514777541160583,-0.9261955618858336,0.338983952999115,-0.1650810092687606,68.0,3.0,nan
669689645.117381,-0.98321533203125,0.472930908203125,-0.3204802721738815,-0.07143235206604,-0.390036016702652,0.0151815069839358,0.0,0.0,0.0,-0.0557597279548645,0.1327402293682098,-0.165249764919281,-0.9274556040763856,0.3401906788349151,-0.1552305072546005,68.0,3.0,nan
669689645.136958,-0.975738525390625,0.510498046875,-0.3109892755746841,0.2937040627002716,-0.3553412556648254,0.0940690264105796,0.0,0.0,0.0,-0.0475247502326965,0.1697684526443481,-0.1615817546844482,-0.9282137751579284,0.3407295942306518,-0.1494075208902359,68.0,3.0,nan
669689645.156992,-0.9255218505859376,0.3602447509765625,-0.264953464269638,0.0642523691058158,-0.361210823059082,0.1666473001241684,0.0,0.0,0.0,0.0028064250946044,0.0175495743751525,-0.1208470314741134,-0.928328275680542,0.3426951766014099,-0.1441064327955246,68.0,3.0,nan
669689645.176769,-0.9258270263671876,0.2740020751953125,-0.2012176066637039,-0.3885515928268432,-0.3419254720211029,0.1446451246738433,0.0,0.0,0.0,0.0024409890174865,-0.0719765424728393,-0.0647726058959961,-0.928268015384674,0.3459786176681518,-0.1364450007677078,68.0,3.0,nan
669689645.196728,-0.945037841796875,0.3122406005859375,-0.1702269464731216,-0.3994684815406799,-0.3407554924488067,0.0939614325761795,0.0,0.0,0.0,-0.0167235136032104,-0.0371568500995636,-0.0431286692619323,-0.9283143281936646,0.3493974506855011,-0.1270982772111892,68.0,3.0,nan
669689645.21663,-0.9279938340187072,0.3919219970703125,-0.1609190851449966,0.0015364630380645,-0.3728517293930053,0.0790897011756897,0.0,0.0,0.0,0.0006178617477416,0.0404910445213317,-0.0418527722358703,-0.928611695766449,0.3514309525489807,-0.1190663129091262,68.0,3.0,nan
669689645.236645,-0.909805178642273,0.3907317817211151,-0.1529082357883453,0.384319931268692,-0.3874828517436981,0.083641417324543,0.0,0.0,0.0,0.0191311836242675,0.0383003652095794,-0.0394663661718368,-0.9289363622665404,0.3524314165115356,-0.1134418696165084,68.0,3.0,nan
669689645.257098,-0.9147796034812928,0.3158569037914276,-0.1738433167338371,0.3439009189605713,-0.2741050124168396,0.0867213681340217,0.0,0.0,0.0,0.014211893081665,-0.0375049114227294,-0.0637973397970199,-0.9289914965629578,0.3533618152141571,-0.1100459769368171,68.0,3.0,nan
669689645.276363,-0.8940125703811646,0.2449493408203125,-0.1511534377932548,0.0149690480902791,-0.1661117970943451,0.0322683453559875,0.0,0.0,0.0,0.0350306034088134,-0.1091244518756866,-0.0438647270202636,-0.929043173789978,0.3540737926959991,-0.1072887107729911,68.0,3.0,nan
